ROW,ROW_BUS,COLUMN,COLUMN_BUS,REAL,IMAGINARY
0,1,0,1,0.00237270354195,-0.07116534838524
1,2,0,1,0.00060407789466,-0.09442151240730
2,3,0,1,0.00010910926980,-0.09832870081911
3,4,0,1,0.00011866122018,-0.09898357207213
4,5,0,1,0.00026136954019,-0.09803101518081
5,6,0,1,0.00026018187397,-0.09807613445497
6,7,0,1,0.00035186313645,-0.09727046444662
7,8,0,1,0.00041004983517,-0.09682530869284
8,9,0,1,0.00129922551859,-0.08833418368455
9,10,0,1,0.00012764730037,-0.09913121663925
10,11,0,1,0.00016883094855,-0.09881712083805
11,12,0,1,0.00012984706247,-0.09971037151160
12,13,0,1,0.00008931430486,-0.09941423405578
13,14,0,1,-0.00000012401750,-0.10002496569201
14,15,0,1,-0.00035986589952,-0.10235330604691
15,16,0,1,-0.00050303820529,-0.10310273618546
16,17,0,1,-0.00050405812695,-0.10235534858637
17,18,0,1,-0.00027536283459,-0.10090823111521
18,19,0,1,-0.00052975750256,-0.10340911195628
19,20,0,1,-0.00049977122883,-0.09755576599649
20,21,0,1,-0.00054992329187,-0.10382361176701
21,22,0,1,-0.00057375991897,-0.10419971293826
22,23,0,1,-0.00057648356309,-0.10423705825497
23,24,0,1,-0.00051839899595,-0.10337830310036
24,25,0,1,-0.00104126328373,-0.09671009302484
25,26,0,1,-0.00124890123840,-0.10392621059090
26,27,0,1,-0.00092053396643,-0.10343814128642
27,28,0,1,-0.00159268398804,-0.10717072239126
28,29,0,1,-0.00161468318803,-0.10737266199896
29,30,0,1,0.00058934428748,-0.09211854869005
30,31,0,1,0.00024316062988,-0.09165993874296
31,32,0,1,0.00011929654240,-0.09264599685911
32,33,0,1,-0.00049510046968,-0.09664402986568
33,34,0,1,-0.00049531340815,-0.09668559563577
34,35,0,1,-0.00055976577460,-0.10165825652513
35,36,0,1,-0.00057648356309,-0.10423705825497
36,37,0,1,-0.00101586661827,-0.09435131026814
37,38,0,1,-0.00157530067125,-0.10475381658435
38,39,0,1,0.00181877270230,-0.08073460569348
0,1,1,2,0.00060407789466,-0.09442151240730
1,2,1,2,0.00145212332902,-0.08556001849449
2,3,1,2,0.00062130604013,-0.09233335563275
3,4,1,2,0.00028421990351,-0.09669991642353
4,5,1,2,0.00021523866251,-0.09797328969176
5,6,1,2,0.00020393140020,-0.09808801837685
6,7,1,2,0.00020283049809,-0.09833460241458
7,8,1,2,0.00020327763872,-0.09841485043815
8,9,1,2,0.00026072152806,-0.09939476361424
9,10,1,2,0.00017257871829,-0.09808259086827
10,11,1,2,0.00018049308166,-0.09811096080131
11,12,1,2,0.00017502560362,-0.09865561866945
12,13,1,2,0.00016747034502,-0.09802346995307
13,14,1,2,0.00016456160209,-0.09775304871242
14,15,1,2,-0.00002541511951,-0.09822443085481
15,16,1,2,-0.00008659072520,-0.09817989099687
16,17,1,2,-0.00003422543508,-0.09674985144388
17,18,1,2,0.00021172542262,-0.09514904020652
18,19,1,2,-0.00011086766272,-0.09847173425419
19,20,1,2,-0.00010459213464,-0.09289786250395
20,21,1,2,-0.00012849259308,-0.09886651200291
21,22,1,2,-0.00014975917077,-0.09922473921621
22,23,1,2,-0.00015221057840,-0.09926031107947
23,24,1,2,-0.00010016896319,-0.09844235376885
24,25,1,2,-0.00040497739558,-0.08815319104206
25,26,1,2,-0.00065345937556,-0.09654529322091
26,27,1,2,-0.00038919662663,-0.09685835509360
27,28,1,2,-0.00095698832766,-0.09956086331595
28,29,1,2,-0.00097643932423,-0.09974855644281
29,30,1,2,0.00141670568685,-0.08347318877511
30,31,1,2,0.00019059009365,-0.09167104521201
31,32,1,2,0.00016128852177,-0.09166597277408
32,33,1,2,-0.00010361463805,-0.09202965818148
33,34,1,2,-0.00010365920182,-0.09206923934980
34,35,1,2,-0.00014610650807,-0.09680462362557
35,36,1,2,-0.00015221057840,-0.09926031107947
36,37,1,2,-0.00039509989813,-0.08600311321177
37,38,1,2,-0.00095262373095,-0.09731566482225
38,39,1,2,0.00038931884950,-0.09810396993732
0,1,2,3,0.00010910926980,-0.09832870081911
1,2,2,3,0.00062130604013,-0.09233335563275
2,3,2,3,0.00093223620161,-0.08694567296215
3,4,2,3,0.00048044684802,-0.09302054061720
4,5,2,3,0.00034316609080,-0.09500999225396
5,6,2,3,0.00032870014970,-0.09516158694074
6,7,2,3,0.00029640519876,-0.09569821267083
7,8,2,3,0.00027795220340,-0.09592450323765
8,9,2,3,0.00005079185852,-0.09961873956901
9,10,2,3,0.00032930700342,-0.09495277450273
10,11,2,3,0.00032689042419,-0.09504602488335
11,12,2,3,0.00033262363974,-0.09550751460200
12,13,2,3,0.00033438917768,-0.09482974967330
13,14,2,3,0.00035743438343,-0.09439827100602
14,15,2,3,0.00020058059955,-0.09509459111266
15,16,2,3,0.00015120334427,-0.09515561965772
16,17,2,3,0.00020967146695,-0.09386770255428
17,18,2,3,0.00048327512251,-0.09130785562355
18,19,2,3,0.00012837319175,-0.09543853068303
19,20,2,3,0.00012110678467,-0.09003634970097
20,21,2,3,0.00011223664129,-0.09582118932269
21,22,2,3,0.00009248309297,-0.09616843210495
22,23,2,3,0.00009019239158,-0.09620291403064
23,24,2,3,0.00013867195069,-0.09541002965582
24,25,2,3,-0.00040916640917,-0.09377061980691
25,26,2,3,-0.00050043655620,-0.09794604099613
26,27,2,3,-0.00017257667436,-0.09628907886126
27,28,2,3,-0.00080329033197,-0.10100583964561
28,29,2,3,-0.00082270740789,-0.10119628655778
29,30,2,3,0.00060615223427,-0.09008132256853
30,31,2,3,0.00030719640159,-0.08893606256144
31,32,2,3,0.00030776355460,-0.08874091075022
32,33,2,3,0.00011997494556,-0.08919488848881
33,34,2,3,0.00012002654576,-0.08923325044695
34,35,2,3,0.00009022740777,-0.09382286059020
35,36,2,3,0.00009019239158,-0.09620291403064
36,37,2,3,-0.00039918674065,-0.09148353151893
37,38,2,3,-0.00080264137355,-0.09872808444661
38,39,2,3,0.00003148934611,-0.10019486040632
0,1,3,4,0.00011866122018,-0.09898357207213
1,2,3,4,0.00028421990351,-0.09669991642353
2,3,3,4,0.00048044684802,-0.09302054061720
3,4,3,4,0.00103245839044,-0.08403942366504
4,5,3,4,0.00082346643250,-0.08744746305624
5,6,3,4,0.00080049196759,-0.08775425437607
6,7,3,4,0.00074778968383,-0.08857645255083
7,8,3,4,0.00071555737069,-0.08894862138751
8,9,3,4,0.00027412873378,-0.09577203838028
9,10,3,4,0.00078710686165,-0.08790874703838
10,11,3,4,0.00078970504999,-0.08788266884966
11,12,3,4,0.00079299479522,-0.08842232692800
12,13,3,4,0.00078682535799,-0.08790724552012
13,14,3,4,0.00079439204698,-0.08779762486103
14,15,3,4,0.00032400454573,-0.09323897168746
15,16,3,4,0.00011178724032,-0.09536054389967
16,17,3,4,0.00005015811882,-0.09602015950989
17,18,3,4,0.00020931988768,-0.09495950575418
18,19,3,4,0.00008878977918,-0.09564405447079
19,20,3,4,0.00008376394263,-0.09023024006679
20,21,3,4,0.00007245867133,-0.09602753019908
21,22,3,4,0.00005251756994,-0.09637551231232
22,23,3,4,0.00005020753556,-0.09641006751763
23,24,3,4,0.00009912261381,-0.09561549638482
24,25,3,4,-0.00059441635854,-0.09790355712565
25,26,3,4,-0.00068598338841,-0.10121963175090
26,27,3,4,-0.00034150520343,-0.09905344174764
27,28,3,4,-0.00100423569845,-0.10438120113965
28,29,3,4,-0.00102463015860,-0.10457798145322
29,30,3,4,0.00027728771074,-0.09434138187662
30,31,3,4,0.00074812333420,-0.08201332184679
31,32,3,4,0.00073561388940,-0.08215770751250
32,33,3,4,0.00008298110204,-0.08938696679513
33,34,3,4,0.00008301679150,-0.08942541136451
34,35,3,4,0.00005123665360,-0.09402489006080
35,36,3,4,0.00005020753556,-0.09641006751763
36,37,3,4,-0.00057991839858,-0.09551566548843
37,38,3,4,-0.00099963917912,-0.10202729897875
38,39,3,4,0.00015016773071,-0.09857931382016
0,1,4,5,0.00026136954019,-0.09803101518081
1,2,4,5,0.00021523866251,-0.09797328969176
2,3,4,5,0.00034316609080,-0.09500999225396
3,4,4,5,0.00082346643250,-0.08744746305624
4,5,4,5,0.00123636073938,-0.08156577182975
5,6,4,5,0.00117577729797,-0.08246029652099
6,7,4,5,0.00112376472399,-0.08325637714866
7,8,4,5,0.00109179204392,-0.08361779898785
8,9,4,5,0.00053815139243,-0.09220023914149
9,10,4,5,0.00095846557797,-0.08539874398059
10,11,4,5,0.00102865911192,-0.08447220041290
11,12,4,5,0.00096531782936,-0.08589765710423
12,13,4,5,0.00089046182119,-0.08629848965515
13,14,4,5,0.00072025697217,-0.08851633112033
14,15,4,5,0.00022115900634,-0.09442760889227
15,16,4,5,-0.00000554827890,-0.09674982704710
16,17,4,5,-0.00007444460569,-0.09757981622316
17,18,4,5,0.00007937187376,-0.09668460171259
18,19,4,5,-0.00002923443491,-0.09703743890620
19,20,4,5,-0.00002757965557,-0.09154475368510
20,21,4,5,-0.00004628183529,-0.09742648045924
21,22,4,5,-0.00006694753807,-0.09777950684828
22,23,4,5,-0.00006933433160,-0.09781456254712
23,24,4,5,-0.00001871545228,-0.09700847769700
24,25,4,5,-0.00070620859341,-0.09922848226188
25,26,4,5,-0.00081644643174,-0.10272556603008
26,27,4,5,-0.00047012094140,-0.10058750286959
27,28,4,5,-0.00114319225228,-0.10593382025535
28,29,4,5,-0.00116412408322,-0.10613350559948
29,30,4,5,0.00020998893904,-0.09558369726026
30,31,4,5,0.00109885728782,-0.07706569768317
31,32,4,5,0.00089576222241,-0.07981191026223
32,33,4,5,-0.00002732190178,-0.09068919523944
33,34,4,5,-0.00002733365270,-0.09072819988612
34,35,4,5,-0.00006531467129,-0.09539464082759
35,36,4,5,-0.00006933433160,-0.09781456254712
36,37,4,5,-0.00068898399357,-0.09680827537744
37,38,4,5,-0.00113573081289,-0.10354488351169
38,39,4,5,0.00035717245851,-0.09628932746116
0,1,5,6,0.00026018187397,-0.09807613445497
1,2,5,6,0.00020393140020,-0.09808801837685
2,3,5,6,0.00032870014970,-0.09516158694074
3,4,5,6,0.00080049196759,-0.08775425437607
4,5,5,6,0.00117577729797,-0.08246029652099
5,6,5,6,0.00128715622764,-0.08110541528648
6,7,5,6,0.00117671516159,-0.08273588584835
7,8,5,6,0.00110641280396,-0.08351468586239
8,9,5,6,0.00054546568652,-0.09215876637124
9,10,5,6,0.00102357593461,-0.08458156328217
10,11,5,6,0.00110906583430,-0.08348101590512
11,12,5,6,0.00103079659586,-0.08507570121592
12,13,5,6,0.00094023157297,-0.08565556702911
13,14,5,6,0.00072978669404,-0.08832381727875
14,15,5,6,0.00022226967804,-0.09436435121208
15,16,5,6,-0.00000881803461,-0.09674273257854
16,17,5,6,-0.00008091605045,-0.09762598559718
17,18,5,6,0.00006977045593,-0.09677105542067
18,19,5,6,-0.00003251217514,-0.09703032254761
19,20,5,6,-0.00003067186334,-0.09153804013926
20,21,5,6,-0.00004957147518,-0.09741933499757
21,22,5,6,-0.00007024759499,-0.09777233480209
22,23,5,6,-0.00007263539839,-0.09780738784976
23,24,5,6,-0.00002199298493,-0.09700136381757
24,25,5,6,-0.00071272559225,-0.09933563899812
25,26,5,6,-0.00082331537520,-0.10280536766456
26,27,5,6,-0.00047666743743,-0.10065198514631
27,28,5,6,-0.00115050988888,-0.10601609591724
28,29,5,6,-0.00117147010934,-0.10621593521151
29,30,5,6,0.00019895746361,-0.09569562768473
30,31,5,6,0.00120294974546,-0.07579945353877
31,32,5,6,0.00095661302300,-0.07904818998334
32,33,5,6,-0.00003038521041,-0.09068254443702
33,34,5,6,-0.00003039827883,-0.09072154622325
34,35,5,6,-0.00006853423901,-0.09538764370935
35,36,5,6,-0.00007263539839,-0.09780738784976
36,37,5,6,-0.00069534204122,-0.09691281853475
37,38,5,6,-0.00114289766765,-0.10362530264538
38,39,5,6,0.00036027265555,-0.09629117473815
0,1,6,7,0.00035186313645,-0.09727046444662
1,2,6,7,0.00020283049809,-0.09833460241458
2,3,6,7,0.00029640519876,-0.09569821267083
3,4,6,7,0.00074778968383,-0.08857645255083
4,5,6,7,0.00112376472399,-0.08325637714866
5,6,6,7,0.00117671516159,-0.08273588584835
6,7,6,7,0.00148364583994,-0.07832966776517
7,8,6,7,0.00128735909477,-0.08069230362690
8,9,6,7,0.00068346416169,-0.09013662903071
9,10,6,7,0.00093322258013,-0.08593051082923
10,11,6,7,0.00101200455728,-0.08492131713148
11,12,6,7,0.00093993515340,-0.08643253107765
12,13,6,7,0.00085665379939,-0.08691274067698
13,14,6,7,0.00066420286586,-0.08934267884576
14,15,6,7,0.00016470200564,-0.09519459708231
15,16,6,7,-0.00006152539120,-0.09748915040869
16,17,6,7,-0.00012879386368,-0.09828258391626
17,18,6,7,0.00002782943920,-0.09738243315279
18,19,6,7,-0.00008555882733,-0.09777894639790
19,20,6,7,-0.00008071587484,-0.09224428905462
20,21,6,7,-0.00010296141723,-0.09817095100755
21,22,6,7,-0.00012398913754,-0.09852666314671
22,23,6,7,-0.00012641443709,-0.09856198534841
23,24,6,7,-0.00007494271895,-0.09774976995922
24,25,6,7,-0.00075456996554,-0.09963812968770
25,26,6,7,-0.00087357268935,-0.10330696757231
26,27,6,7,-0.00052682064466,-0.10122613489269
27,28,6,7,-0.00120380884651,-0.10653322576614
28,29,6,7,-0.00122496128878,-0.10673403139348
29,30,6,7,0.00019788341277,-0.09593619747764
30,31,6,7,0.00109973379588,-0.07732325780220
31,32,6,7,0.00087217063563,-0.08030888862545
32,33,6,7,-0.00007996152087,-0.09138219289524
33,34,6,7,-0.00007999591164,-0.09142149559428
34,35,6,7,-0.00012096501224,-0.09612357380167
35,36,6,7,-0.00012641443709,-0.09856198534841
36,37,6,7,-0.00073616582004,-0.09720793140264
37,38,6,7,-0.00119508418418,-0.10413076233510
38,39,6,7,0.00047723576641,-0.09485988423016
0,1,7,8,0.00041004983517,-0.09682530869284
1,2,7,8,0.00020327763872,-0.09841485043815
2,3,7,8,0.00027795220339,-0.09592450323765
3,4,7,8,0.00071555737069,-0.08894862138751
4,5,7,8,0.00109179204392,-0.08361779898785
5,6,7,8,0.00110641280396,-0.08351468586239
6,7,7,8,0.00128735909477,-0.08069230362690
7,8,7,8,0.00141102501325,-0.07924558141074
8,9,7,8,0.00077759044636,-0.08908600347047
9,10,7,8,0.00087625433143,-0.08656717393633
10,11,7,8,0.00095061568295,-0.08560408928910
11,12,7,8,0.00088264341595,-0.08707291461286
12,13,7,8,0.00080414259925,-0.08750309681997
13,14,7,8,0.00062345808517,-0.08981284536581
14,15,7,8,0.00013045542287,-0.09556785770983
15,16,7,8,-0.00009224403638,-0.09781949109380
16,17,7,8,-0.00015606230377,-0.09856765773086
17,18,7,8,0.00000391984402,-0.09764531846380
18,19,7,8,-0.00011644960864,-0.09811026158861
19,20,7,8,-0.00010985812136,-0.09255685055529
20,21,7,8,-0.00013403385198,-0.09850358913176
21,22,7,8,-0.00015524415209,-0.09886050008619
22,23,7,8,-0.00015768872463,-0.09889594122465
23,24,7,8,-0.00010578839457,-0.09808098960260
24,25,7,8,-0.00077465804713,-0.09974539344573
25,26,7,8,-0.00089983581689,-0.10351222825481
26,27,7,8,-0.00055404870654,-0.10146862369683
27,28,7,8,-0.00123149471580,-0.10674482478000
28,29,7,8,-0.00125273690076,-0.10694602476959
29,30,7,8,0.00019831964753,-0.09601448823234
30,31,7,8,0.00103403065791,-0.07805110828261
31,32,7,8,0.00081892928171,-0.08090390087507
32,33,7,8,-0.00010883140994,-0.09169183326038
33,34,7,8,-0.00010887821740,-0.09173126913309
34,35,7,8,-0.00015145770935,-0.09644926837677
35,36,7,8,-0.00015768872463,-0.09889594122465
36,37,7,8,-0.00075576394842,-0.09731257897145
37,38,7,8,-0.00122218234220,-0.10433758514107
38,39,7,8,0.00055470549685,-0.09410280442957
0,1,8,9,0.00129922551859,-0.08833418368455
1,2,8,9,0.00026072152806,-0.09939476361424
2,3,8,9,0.00005079185852,-0.09961873956901
3,4,8,9,0.00027412873378,-0.09577203838028
4,5,8,9,0.00053815139243,-0.09220023914149
5,6,8,9,0.00054546568652,-0.09215876637124
6,7,8,9,0.00068346416169,-0.09013662903071
7,8,8,9,0.00077759044636,-0.08908600347047
8,9,8,9,0.00207280624295,-0.06972039367405
9,10,8,9,0.00036006131313,-0.09442575124615
10,11,8,9,0.00041919105048,-0.09371867140571
11,12,8,9,0.00036354989601,-0.09497741185340
12,13,8,9,0.00030357216227,-0.09510322094696
13,14,8,9,0.00016538166681,-0.09673697404079
14,15,8,9,-0.00026924280097,-0.10115833802919
15,16,8,9,-0.00045692612216,-0.10281796115064
16,17,8,9,-0.00048639505584,-0.10293564566787
17,18,8,9,-0.00028719786708,-0.10175995596208
18,19,8,9,-0.00048343866997,-0.10312350163721
19,20,8,9,-0.00045607421696,-0.09728632229925
20,21,8,9,-0.00050336892520,-0.10353686444811
21,22,8,9,-0.00052697652711,-0.10391193635205
22,23,8,9,-0.00052967644380,-0.10394917962145
23,24,8,9,-0.00047212492376,-0.10309277301529
24,25,8,9,-0.00104327559650,-0.10117344954196
25,26,8,9,-0.00123634723863,-0.10654600027518
26,27,8,9,-0.00089579337526,-0.10512397620979
27,28,8,9,-0.00158741977811,-0.10987242941452
28,29,8,9,-0.00160988787045,-0.11007946784259
29,30,8,9,0.00025436246640,-0.09697050108706
30,31,8,9,0.00050978101544,-0.08612968819742
31,32,8,9,0.00033650590013,-0.08824836565061
32,33,8,9,-0.00045181184110,-0.09637710433384
33,34,8,9,-0.00045200616150,-0.09641855530154
34,35,8,9,-0.00051412344108,-0.10137749888004
35,36,8,9,-0.00052967644380,-0.10394917962145
36,37,8,9,-0.00101782985025,-0.09870580443118
37,38,8,9,-0.00157062231263,-0.10739460277326
38,39,8,9,0.00166733499539,-0.08000313977107
0,1,9,10,0.00012764730037,-0.09913121663925
1,2,9,10,0.00017257871829,-0.09808259086827
2,3,9,10,0.00032930700342,-0.09495277450273
3,4,9,10,0.00078710686165,-0.08790874703838
4,5,9,10,0.00095846557797,-0.08539874398059
5,6,9,10,0.00102357593461,-0.08458156328217
6,7,9,10,0.00093322258013,-0.08593051082923
7,8,9,10,0.00087625433143,-0.08656717393633
8,9,9,10,0.00036006131313,-0.09442575124615
9,10,9,10,0.00155985092087,-0.07862124996449
10,11,9,10,0.00136295053486,-0.08069956913826
11,12,9,10,0.00136891725188,-0.08124345794737
12,13,9,10,0.00135855493606,-0.08081823990224
13,14,9,10,0.00091194434537,-0.08589213622339
14,15,9,10,0.00034614890948,-0.09277010854508
15,16,9,10,0.00008448170130,-0.09551530659446
16,17,9,10,-0.00001333092594,-0.09676305290978
17,18,9,10,0.00011148135177,-0.09615705828062
18,19,9,10,0.00006136520517,-0.09579927055641
19,20,9,10,0.00005789170299,-0.09037667033623
20,21,9,10,0.00004489706487,-0.09618336379888
21,22,9,10,0.00002482330429,-0.09653190479439
22,23,9,10,0.00002249956141,-0.09656651540257
23,24,9,10,0.00007172303733,-0.09577066911091
24,25,9,10,-0.00066393959028,-0.09921998604708
25,26,9,10,-0.00075754316696,-0.10229237907932
26,27,9,10,-0.00040804514140,-0.09997661060723
27,28,9,10,-0.00108117772938,-0.10548726693730
28,29,9,10,-0.00110191340132,-0.10568612066484
29,30,9,10,0.00016836948126,-0.09569033255441
30,31,9,10,0.00095661302300,-0.07904818998334
31,32,9,10,0.00145780459895,-0.07347780370513
32,33,9,10,0.00005735065904,-0.08953202855739
33,34,9,10,0.00005737532507,-0.08957053551658
34,35,9,10,0.00002421785784,-0.09417746809209
35,36,9,10,0.00002249956141,-0.09656651540257
36,37,9,10,-0.00064774594174,-0.09679998638740
37,38,9,10,-0.00107503746470,-0.10310841040472
38,39,9,10,0.00019851201873,-0.09797262204853
0,1,10,11,0.00016883094855,-0.09881712083805
1,2,10,11,0.00018049308166,-0.09811096080131
2,3,10,11,0.00032689042419,-0.09504602488335
3,4,10,11,0.00078970504999,-0.08788266884966
4,5,10,11,0.00102865911192,-0.08447220041290
5,6,10,11,0.00110906583430,-0.08348101590512
6,7,10,11,0.00101200455728,-0.08492131713148
7,8,10,11,0.00095061568295,-0.08560408928910
8,9,10,11,0.00041919105048,-0.09371867140571
9,10,10,11,0.00136295053486,-0.08069956913826
10,11,10,11,0.00150872293845,-0.07897020422516
11,12,10,11,0.00137209699360,-0.08117102222439
12,13,10,11,0.00121910408660,-0.08240359741378
13,14,10,11,0.00084995374310,-0.08670137558947
14,15,10,11,0.00030315741832,-0.09331053351722
15,16,10,11,0.00005144778983,-0.09593791487246
16,17,10,11,-0.00003790213499,-0.09706819054038
17,18,10,11,0.00009546232584,-0.09638158152598
18,19,10,11,0.00002812970177,-0.09622312706222
19,20,10,11,0.00002653745450,-0.09077653496436
20,21,10,11,0.00001145436171,-0.09660891384972
21,22,10,11,-0.00000883011576,-0.09695898983892
22,23,10,11,-0.00001117624484,-0.09699375275857
23,24,10,11,0.00003854336275,-0.09619440270101
24,25,10,11,-0.00068224510478,-0.09928422979995
25,26,10,11,-0.00078166012616,-0.10248588151482
26,27,10,11,-0.00043302688028,-0.10022198231931
27,28,10,11,-0.00110661587328,-0.10568674649798
28,29,10,11,-0.00112743489870,-0.10588597211777
29,30,10,11,0.00017609081137,-0.09571801053786
30,31,10,11,0.00103651012551,-0.07801964103282
31,32,10,11,0.00127378554660,-0.07542015807314
32,33,10,11,0.00002628944090,-0.08992815613292
33,34,10,11,0.00002630074777,-0.08996683346319
34,35,10,11,-0.00000861474709,-0.09459413642822
35,36,10,11,-0.00001117624484,-0.09699375275857
36,37,10,11,-0.00066560498027,-0.09686266321946
37,38,10,11,-0.00109993648653,-0.10330338743197
38,39,10,11,0.00024954261724,-0.09745575984704
0,1,11,12,0.00012984706247,-0.09971037151160
1,2,11,12,0.00017502560362,-0.09865561866945
2,3,11,12,0.00033262363974,-0.09550751460200
3,4,11,12,0.00079299479522,-0.08842232692800
4,5,11,12,0.00096531782936,-0.08589765710423
5,6,11,12,0.00103079659586,-0.08507570121592
6,7,11,12,0.00093993515340,-0.08643253107765
7,8,11,12,0.00088264341595,-0.08707291461286
8,9,11,12,0.00036354989602,-0.09497741185340
9,10,11,12,0.00136891725188,-0.08124345794737
10,11,11,12,0.00137209699360,-0.08117102222439
11,12,11,12,0.00218773534759,-0.05970630552095
12,13,11,12,0.00136767745489,-0.08129038636596
13,14,11,12,0.00091853204143,-0.08639393258701
14,15,11,12,0.00034953192748,-0.09331209655431
15,16,11,12,0.00008637623967,-0.09607333677976
16,17,11,12,-0.00001198953939,-0.09732837426873
17,18,11,12,0.00011354304374,-0.09671883739157
18,19,11,12,0.00006312885450,-0.09635896009041
19,20,11,12,0.00005955552312,-0.09090467933057
20,21,11,12,0.00004657013566,-0.09674529757182
21,22,11,12,0.00002638420987,-0.09709587515139
22,23,11,12,0.00002404739859,-0.09713068800007
23,24,11,12,0.00007354678097,-0.09633019139406
24,25,11,12,-0.00066636323371,-0.09979967114970
25,26,11,12,-0.00076046860861,-0.10289001547223
26,27,11,12,-0.00040896266863,-0.10056071240280
27,28,11,12,-0.00108594708824,-0.10610357364901
28,29,11,12,-0.00110680098802,-0.10630358944871
29,30,11,12,0.00017075668646,-0.09624938406776
30,31,11,12,0.00096336130454,-0.07951000113637
31,32,11,12,0.00127936191764,-0.07592846537137
32,33,11,12,0.00005899892944,-0.09005510288823
33,34,11,12,0.00005902430438,-0.09009383481722
34,35,11,12,0.00002574069256,-0.09472768307453
35,36,11,12,0.00002404739859,-0.09713068800007
36,37,11,12,-0.00065011047191,-0.09736553282898
37,38,11,12,-0.00107980584197,-0.10371081897435
38,39,11,12,0.00020110880185,-0.09854500699580
0,1,12,13,0.00008931430486,-0.09941423405578
1,2,12,13,0.00016747034502,-0.09802346995307
2,3,12,13,0.00033438917768,-0.09482974967330
3,4,12,13,0.00078682535799,-0.08790724552012
4,5,12,13,0.00089046182119,-0.08629848965515
5,6,12,13,0.00094023157297,-0.08565556702911
6,7,12,13,0.00085665379939,-0.08691274067698
7,8,12,13,0.00080414259925,-0.08750309681997
8,9,12,13,0.00030357216227,-0.09510322094696
9,10,12,13,0.00135855493607,-0.08081823990224
10,11,12,13,0.00121910408660,-0.08240359741378
11,12,12,13,0.00136767745489,-0.08129038636596
12,13,12,13,0.00149993657919,-0.07920750868158
13,14,12,13,0.00097615369514,-0.08505594565707
14,15,12,13,0.00039173706971,-0.09220059283330
15,16,12,13,0.00012027435663,-0.09506275466981
16,17,12,13,0.00001406607258,-0.09642758335372
17,18,12,13,0.00013026937146,-0.09590238943141
18,19,12,13,0.00009737497915,-0.09534538206384
19,20,12,13,0.00009186318788,-0.08994847364513
20,21,12,13,0.00008113040104,-0.09572766183979
21,22,12,13,0.00006128381333,-0.09607455916981
22,23,12,13,0.00005898419431,-0.09610900668491
23,24,12,13,0.00010767290160,-0.09531691219771
24,25,12,13,-0.00064253269585,-0.09912465916567
25,26,12,13,-0.00073020589494,-0.10206683314170
26,27,12,13,-0.00038002017465,-0.09969991112561
27,28,12,13,-0.00105232466001,-0.10525475181020
28,29,12,13,-0.00107296467988,-0.10545317191546
29,30,12,13,0.00016338570246,-0.09563265361275
30,31,12,13,0.00087872109623,-0.08005193180290
31,32,12,13,0.00126967751034,-0.07553106532920
32,33,12,13,0.00009100465342,-0.08910783370452
33,34,12,13,0.00009104379374,-0.08914615822114
34,35,12,13,0.00005978908617,-0.09373127723884
35,36,12,13,0.00005898419431,-0.09610900668491
36,37,12,13,-0.00062686116668,-0.09670698455187
37,38,12,13,-0.00104679480964,-0.10288114333215
38,39,12,13,0.00015027607432,-0.09845876698357
0,1,13,14,-0.00000012401750,-0.10002496569201
1,2,13,14,0.00016456160209,-0.09775304871242
2,3,13,14,0.00035743438343,-0.09439827100602
3,4,13,14,0.00079439204698,-0.08779762486103
4,5,13,14,0.00072025697217,-0.08851633112033
5,6,13,14,0.00072978669404,-0.08832381727875
6,7,13,14,0.00066420286586,-0.08934267884576
7,8,13,14,0.00062345808517,-0.08981284536581
8,9,13,14,0.00016538166681,-0.09673697404079
9,10,13,14,0.00091194434537,-0.08589213622339
10,11,13,14,0.00084995374310,-0.08670137558947
11,12,13,14,0.00091853204143,-0.08639393258701
12,13,13,14,0.00097615369514,-0.08505594565707
13,14,13,14,0.00115213186550,-0.08279594207076
14,15,13,14,0.00052031131072,-0.09062018349189
15,16,13,14,0.00022384507301,-0.09378073886758
16,17,13,14,0.00009588941000,-0.09544605371566
17,18,13,14,0.00018943826201,-0.09512996586648
18,19,13,14,0.00020156722830,-0.09405958048529
19,20,13,14,0.00019015776255,-0.08873545328801
20,21,13,14,0.00018596471694,-0.09443672334901
21,22,13,14,0.00016676961486,-0.09477896487058
22,23,13,14,0.00016453912349,-0.09481295041956
23,24,13,14,0.00021169478384,-0.09403148312850
24,25,13,14,-0.00057581823207,-0.09875964678223
25,26,13,14,-0.00064738085848,-0.10136227030667
26,27,13,14,-0.00029593593296,-0.09886615258397
27,28,13,14,-0.00096484492844,-0.10452841100544
28,29,13,14,-0.00098519115173,-0.10472547607254
29,30,13,14,0.00016054790448,-0.09536882801212
30,31,13,14,0.00068204363929,-0.08254562362500
31,32,13,14,0.00085228443492,-0.08027302450784
32,33,13,14,0.00018838058720,-0.08790614998625
33,34,13,14,0.00018846160808,-0.08794395766899
34,35,13,14,0.00016270206328,-0.09246728280057
35,36,13,14,0.00016453912349,-0.09481295041956
36,37,13,14,-0.00056177388494,-0.09635087490949
37,38,13,14,-0.00096116209925,-0.10217119616833
38,39,13,14,0.00003449679012,-0.09959479828772
0,1,14,15,-0.00035986589952,-0.10235330604691
1,2,14,15,-0.00002541511951,-0.09822443085481
2,3,14,15,0.00020058059956,-0.09509459111266
3,4,14,15,0.00032400454573,-0.09323897168746
4,5,14,15,0.00022115900634,-0.09442760889227
5,6,14,15,0.00022226967804,-0.09436435121208
6,7,14,15,0.00016470200564,-0.09519459708231
7,8,14,15,0.00013045542287,-0.09556785770983
8,9,14,15,-0.00026924280097,-0.10115833802919
9,10,14,15,0.00034614890948,-0.09277010854508
10,11,14,15,0.00030315741832,-0.09331053351722
11,12,14,15,0.00034953192748,-0.09331209655431
12,13,14,15,0.00039173706971,-0.09220059283330
13,14,14,15,0.00052031131072,-0.09062018349189
14,15,14,15,0.00124952300100,-0.08215528111686
15,16,14,15,0.00072903260372,-0.08768095231210
16,17,14,15,0.00041328016016,-0.09167127337819
17,18,14,15,0.00032341479124,-0.09305857391909
18,19,14,15,0.00070974885737,-0.08794178437190
19,20,14,15,0.00066957439375,-0.08296394752066
20,21,14,15,0.00069725114589,-0.08829448816840
21,22,14,15,0.00068120104182,-0.08861458016184
22,23,14,15,0.00067930395094,-0.08864636799783
23,24,14,15,0.00071906210071,-0.08791545805345
24,25,14,15,-0.00037170081813,-0.09869301928028
25,26,14,15,-0.00035229510490,-0.09934624283436
26,27,14,15,0.00001936612733,-0.09603532038206
27,28,14,15,-0.00065462466875,-0.10245023866131
28,29,14,15,-0.00067401721729,-0.10264343737757
29,30,14,15,-0.00002479523854,-0.09582871302908
30,31,14,15,0.00020772867106,-0.08819098244119
31,32,14,15,0.00032350365372,-0.08670103602343
32,33,14,15,0.00066331668913,-0.08218858352514
33,34,14,15,0.00066360197596,-0.08222393213147
34,35,14,15,0.00066458638226,-0.08645324893838
35,36,14,15,0.00067930395094,-0.08864636799783
36,37,14,15,-0.00036263494452,-0.09628587246857
37,38,14,15,-0.00065757777297,-0.10013993890495
38,39,14,15,-0.00036927276833,-0.10301108967296
0,1,15,16,-0.00050303820529,-0.10310273618546
1,2,15,16,-0.00008659072520,-0.09817989099687
2,3,15,16,0.00015120334427,-0.09515561965772
3,4,15,16,0.00011178724032,-0.09536054389967
4,5,15,16,-0.00000554827890,-0.09674982704710
5,6,15,16,-0.00000881803461,-0.09674273257854
6,7,15,16,-0.00006152539120,-0.09748915040869
7,8,15,16,-0.00009224403638,-0.09781949109380
8,9,15,16,-0.00045692612216,-0.10281796115064
9,10,15,16,0.00008448170130,-0.09551530659446
10,11,15,16,0.00005144778983,-0.09593791487246
11,12,15,16,0.00008637623967,-0.09607333677976
12,13,15,16,0.00012027435663,-0.09506275466981
13,14,15,16,0.00022384507301,-0.09378073886758
14,15,15,16,0.00072903260372,-0.08768095231210
15,16,15,16,0.00100102659762,-0.08481717000800
16,17,15,16,0.00059280109410,-0.08980466961422
17,18,15,16,0.00041458585990,-0.09192613191576
18,19,15,16,0.00098325204082,-0.08506955529680
19,20,15,16,0.00092759626493,-0.08025429744981
20,21,15,16,0.00097235198990,-0.08541079134785
21,22,15,16,0.00095790545951,-0.08572049181185
22,23,15,16,0.00095617751081,-0.08575124870404
23,24,15,16,0.00099217255210,-0.08504405667676
24,25,15,16,-0.00025803401275,-0.09841624931353
25,26,15,16,-0.00018834115317,-0.09822298959452
26,27,15,16,0.00019483383705,-0.09456711611019
27,28,15,16,-0.00048225261864,-0.10129235934202
28,29,15,16,-0.00050111470427,-0.10148340378982
29,30,15,16,-0.00008447875629,-0.09578525950914
30,31,15,16,-0.00000824115384,-0.09041376876499
31,32,15,16,0.00007895486103,-0.08926664167706
32,33,15,16,0.00091892714095,-0.07950425728673
33,34,15,16,0.00091932236365,-0.07953845138732
34,35,15,16,0.00093454191172,-0.08362974810913
35,36,15,16,0.00095617751081,-0.08575124870404
36,37,15,16,-0.00025174050024,-0.09601585298881
37,38,15,16,-0.00048889239441,-0.09900819881933
38,39,15,16,-0.00053734335323,-0.10423039464794
0,1,16,17,-0.00050405812695,-0.10235534858637
1,2,16,17,-0.00003422543508,-0.09674985144388
2,3,16,17,0.00020967146695,-0.09386770255428
3,4,16,17,0.00005015811882,-0.09602015950989
4,5,16,17,-0.00007444460569,-0.09757981622316
5,6,16,17,-0.00008091605045,-0.09762598559718
6,7,16,17,-0.00012879386368,-0.09828258391626
7,8,16,17,-0.00015606230377,-0.09856765773086
8,9,16,17,-0.00048639505584,-0.10293564566787
9,10,16,17,-0.00001333092594,-0.09676305290978
10,11,16,17,-0.00003790213499,-0.09706819054038
11,12,16,17,-0.00001198953939,-0.09732837426873
12,13,16,17,0.00001406607258,-0.09642758335372
13,14,16,17,0.00009588941000,-0.09544605371566
14,15,16,17,0.00041328016016,-0.09167127337819
15,16,16,17,0.00059280109410,-0.08980466961422
16,17,16,17,0.00082450207670,-0.08676615285266
17,18,16,17,0.00057943701675,-0.08955320072788
18,19,16,17,0.00057259280188,-0.09007178162954
19,20,16,17,0.00054018188856,-0.08497337889579
20,21,16,17,0.00055917357630,-0.09043300117250
21,22,16,17,0.00054217320081,-0.09076081326453
22,23,16,17,0.00054017440107,-0.09079336723938
23,24,16,17,0.00058217768736,-0.09004483439101
24,25,16,17,-0.00004142955426,-0.09676073259511
25,26,16,17,0.00006102163011,-0.09576916490015
26,27,16,17,0.00044004315629,-0.09183832781300
27,28,16,17,-0.00021790060518,-0.09876257251474
28,29,16,17,-0.00023581552552,-0.09894889032498
29,30,16,17,-0.00003339066837,-0.09439009896964
30,31,16,17,-0.00007562247705,-0.09123923887587
31,32,16,17,-0.00001245880929,-0.09043275972877
32,33,16,17,0.00053513345970,-0.08417923516779
33,34,16,17,0.00053536361602,-0.08421543993637
34,35,16,17,0.00052894946420,-0.08854713489222
35,36,16,17,0.00054017440107,-0.09079336723938
36,37,16,17,-0.00004041907733,-0.09440071472694
37,38,16,17,-0.00023006392733,-0.09653550275607
38,39,16,17,-0.00055261855994,-0.10391165097179
0,1,17,18,-0.00027536283460,-0.10090823111521
1,2,17,18,0.00021172542262,-0.09514904020652
2,3,17,18,0.00048327512251,-0.09130785562355
3,4,17,18,0.00020931988768,-0.09495950575418
4,5,17,18,0.00007937187376,-0.09668460171259
5,6,17,18,0.00006977045593,-0.09677105542067
6,7,17,18,0.00002782943920,-0.09738243315279
7,8,17,18,0.00000391984402,-0.09764531846380
8,9,17,18,-0.00028719786709,-0.10175995596208
9,10,17,18,0.00011148135177,-0.09615705828062
10,11,17,18,0.00009546232584,-0.09638158152598
11,12,17,18,0.00011354304374,-0.09671883739157
12,13,17,18,0.00013026937146,-0.09590238943141
13,14,17,18,0.00018943826201,-0.09512996586648
14,15,17,18,0.00032341479124,-0.09305857391909
15,16,17,18,0.00041458585990,-0.09192613191576
16,17,17,18,0.00057943701675,-0.08955320072788
17,18,17,18,0.00096408349493,-0.08522467872672
18,19,17,18,0.00039332876628,-0.09219950691181
19,20,17,18,0.00037106487385,-0.08698066689793
20,21,17,18,0.00037881960188,-0.09256922574572
21,22,17,18,0.00036071624300,-0.09290474074921
22,23,17,18,0.00035860057782,-0.09293805901100
23,24,17,18,0.00040319761648,-0.09217194399211
24,25,17,18,-0.00018708118833,-0.09570383105177
25,26,17,18,-0.00016179386972,-0.09668393891879
26,27,17,18,0.00019683676671,-0.09361777201938
27,28,17,18,-0.00045036256297,-0.09970528407127
28,29,17,18,-0.00046888319634,-0.09989333949724
29,30,17,18,0.00020656138792,-0.09282833190880
30,31,17,18,0.00006520603358,-0.09044023871091
31,32,17,18,0.00010418817923,-0.08986640960806
32,33,17,18,0.00036759697783,-0.08616776346898
33,34,17,18,0.00036775507815,-0.08620482348655
34,35,17,18,0.00035191828586,-0.09063877146265
35,36,17,18,0.00035860057782,-0.09293805901100
36,37,17,18,-0.00018251823251,-0.09336959127002
37,38,17,18,-0.00045744702082,-0.09745691658268
38,39,17,18,-0.00033537754988,-0.10258417467089
0,1,18,19,-0.00052975750256,-0.10340911195628
1,2,18,19,-0.00011086766272,-0.09847173425419
2,3,18,19,0.00012837319175,-0.09543853068303
3,4,18,19,0.00008878977918,-0.09564405447079
4,5,18,19,-0.00002923443491,-0.09703743890620
5,6,18,19,-0.00003251217514,-0.09703032254761
6,7,18,19,-0.00008555882733,-0.09777894639790
7,8,18,19,-0.00011644960864,-0.09811026158861
8,9,18,19,-0.00048343866997,-0.10312350163721
9,10,18,19,0.00006136520517,-0.09579927055641
10,11,18,19,0.00002812970177,-0.09622312706222
11,12,18,19,0.00006312885450,-0.09635896009041
12,13,18,19,0.00009737497915,-0.09534538206384
13,14,18,19,0.00020156722830,-0.09405958048529
14,15,18,19,0.00070974885737,-0.08794178437190
15,16,18,19,0.00098325204082,-0.08506955529680
16,17,18,19,0.00057259280188,-0.09007178162954
17,18,18,19,0.00039332876628,-0.09219950691181
18,19,18,19,0.00257488994002,-0.06576510929398
19,20,18,19,0.00242914145285,-0.06204255593772
20,21,18,19,0.00095434696227,-0.08566493431033
21,22,18,19,0.00093978171830,-0.08597555190261
22,23,18,19,0.00093804110822,-0.08600639980466
23,24,18,19,0.00097431616703,-0.08529711427717
24,25,18,19,-0.00028287843321,-0.09870875326216
25,26,18,19,-0.00021293111345,-0.09851493608022
26,27,18,19,0.00017227736344,-0.09484828833467
27,28,18,19,-0.00050846722024,-0.10159335839709
28,29,18,19,-0.00052743211683,-0.10178496615802
29,30,18,19,-0.00010816357338,-0.09606998463823
30,31,18,19,-0.00003038521041,-0.09068254443702
31,32,18,19,0.00005735065904,-0.08953202855739
32,33,18,19,0.00240643919628,-0.06146271896634
33,34,18,19,0.00240747418519,-0.06148915355572
34,35,18,19,0.00091686021298,-0.08387858722206
35,36,18,19,0.00093804110822,-0.08600639980466
36,37,18,19,-0.00027597895923,-0.09630122269479
37,38,18,19,-0.00051456791886,-0.09930240600782
38,39,18,19,-0.00056444051070,-0.10454011427472
0,1,19,20,-0.00049977122883,-0.09755576599649
1,2,19,20,-0.00010459213464,-0.09289786250395
2,3,19,20,0.00012110678467,-0.09003634970097
3,4,19,20,0.00008376394263,-0.09023024006679
4,5,19,20,-0.00002757965557,-0.09154475368509
5,6,19,20,-0.00003067186334,-0.09153804013926
6,7,19,20,-0.00008071587484,-0.09224428905462
7,8,19,20,-0.00010985812136,-0.09255685055529
8,9,19,20,-0.00045607421696,-0.09728632229925
9,10,19,20,0.00005789170299,-0.09037667033623
10,11,19,20,0.00002653745450,-0.09077653496436
11,12,19,20,0.00005955552312,-0.09090467933057
12,13,19,20,0.00009186318788,-0.08994847364513
13,14,19,20,0.00019015776255,-0.08873545328801
14,15,19,20,0.00066957439375,-0.08296394752066
15,16,19,20,0.00092759626493,-0.08025429744981
16,17,19,20,0.00054018188856,-0.08497337889579
17,18,19,20,0.00037106487385,-0.08698066689793
18,19,19,20,0.00242914145285,-0.06204255593772
19,20,19,20,0.00299164288005,-0.04473071314879
20,21,19,20,0.00090032732290,-0.08081597576446
21,22,19,20,0.00088658652670,-0.08110901122888
22,23,19,20,0.00088494444172,-0.08113811302326
23,24,19,20,0.00091916619531,-0.08046897573318
24,25,19,20,-0.00026686644643,-0.09312146534166
25,26,19,20,-0.00020087840891,-0.09293861894360
26,27,19,20,0.00016252581456,-0.08947951729685
27,28,19,20,-0.00047968605683,-0.09584279094065
28,29,19,20,-0.00049757746871,-0.09602355297926
29,30,19,20,-0.00010204110697,-0.09063206097946
30,31,19,20,-0.00002866529284,-0.08554957022361
31,32,19,20,0.00005410439532,-0.08446417788433
32,33,19,20,0.00227022565687,-0.05798369713805
33,34,19,20,0.00296495825575,-0.04433172760039
34,35,19,20,0.00086496246507,-0.07913074266232
35,36,19,20,0.00088494444172,-0.08113811302326
36,37,19,20,-0.00026035750871,-0.09085021008943
37,38,19,20,-0.00048544143289,-0.09368151510172
38,39,19,20,-0.00053249104783,-0.09862274931577
0,1,20,21,-0.00054992329187,-0.10382361176701
1,2,20,21,-0.00012849259308,-0.09886651200291
2,3,20,21,0.00011223664129,-0.09582118932269
3,4,20,21,0.00007245867133,-0.09602753019908
4,5,20,21,-0.00004628183529,-0.09742648045923
5,6,20,21,-0.00004957147518,-0.09741933499757
6,7,20,21,-0.00010296141723,-0.09817095100755
7,8,20,21,-0.00013403385198,-0.09850358913176
8,9,20,21,-0.00050336892520,-0.10353686444811
9,10,20,21,0.00004489706487,-0.09618336379888
10,11,20,21,0.00001145436171,-0.09660891384972
11,12,20,21,0.00004657013566,-0.09674529757182
12,13,20,21,0.00008113040104,-0.09572766183979
13,14,20,21,0.00018596471695,-0.09443672334901
14,15,20,21,0.00069725114589,-0.08829448816840
15,16,20,21,0.00097235198990,-0.08541079134785
16,17,20,21,0.00055917357630,-0.09043300117250
17,18,20,21,0.00037881960188,-0.09256922574572
18,19,20,21,0.00095434696227,-0.08566493431033
19,20,20,21,0.00090032732290,-0.08081597576446
20,21,20,21,0.00161467958017,-0.07478219419363
21,22,20,21,0.00146698330686,-0.07749193480187
22,23,20,21,0.00136290170161,-0.07918580256325
23,24,20,21,0.00101574326934,-0.08460448042332
24,25,20,21,-0.00030123434940,-0.09910445126680
25,26,20,21,-0.00023097277842,-0.09890986922847
26,27,20,21,0.00015641981547,-0.09522858820943
27,28,20,21,-0.00052823085580,-0.10200058212546
28,29,20,21,-0.00054730521721,-0.10219295477961
29,30,20,21,-0.00012535862740,-0.09645513366138
30,31,20,21,-0.00004632848148,-0.09104610747436
31,32,20,21,0.00004195987371,-0.08989099420456
32,33,20,21,0.00089191304885,-0.08006068627134
33,34,20,21,0.00089229665302,-0.08009511968728
34,35,20,21,0.00143120322620,-0.07560188761158
35,36,20,21,0.00136290170161,-0.07918580256325
36,37,20,21,-0.00029388717015,-0.09668726952858
37,38,20,21,-0.00053395630948,-0.09970044368742
38,39,20,21,-0.00058494267941,-0.10495914249719
0,1,21,22,-0.00057375991897,-0.10419971293826
1,2,21,22,-0.00014975917077,-0.09922473921621
2,3,21,22,0.00009248309297,-0.09616843210495
3,4,21,22,0.00005251756994,-0.09637551231232
4,5,21,22,-0.00006694753807,-0.09777950684828
5,6,21,22,-0.00007024759499,-0.09777233480209
6,7,21,22,-0.00012398913754,-0.09852666314671
7,8,21,22,-0.00015524415209,-0.09886050008619
8,9,21,22,-0.00052697652711,-0.10391193635205
9,10,21,22,0.00002482330429,-0.09653190479439
10,11,21,22,-0.00000883011576,-0.09695898983892
11,12,21,22,0.00002638420987,-0.09709587515139
12,13,21,22,0.00006128381333,-0.09607455916981
13,14,21,22,0.00016676961486,-0.09477896487058
14,15,21,22,0.00068120104182,-0.08861458016184
15,16,21,22,0.00095790545951,-0.08572049181185
16,17,21,22,0.00054217320081,-0.09076081326453
17,18,21,22,0.00036071624300,-0.09290474074921
18,19,21,22,0.00093978171830,-0.08597555190261
19,20,21,22,0.00088658652670,-0.08110901122888
20,21,21,22,0.00146698330686,-0.07749193480187
21,22,21,22,0.00198745134546,-0.06868091807531
22,23,21,22,0.00178159482291,-0.07209346047809
23,24,21,22,0.00105289038249,-0.08384561335240
24,25,21,22,-0.00032317693794,-0.09946350433664
25,26,21,22,-0.00025261982704,-0.09926823199043
26,27,21,22,0.00013695105001,-0.09557369292888
27,28,21,22,-0.00055160532245,-0.10237008190180
28,29,21,22,-0.00057078927616,-0.10256314762739
29,30,21,22,-0.00014610650807,-0.09680462362557
30,31,21,22,-0.00006565195793,-0.09137601383373
31,32,21,22,0.00002319934980,-0.09021673345270
32,33,21,22,0.00087830067131,-0.08035098308655
33,34,21,22,0.00087867842091,-0.08038554135667
34,35,21,22,0.00193897692240,-0.06700577373201
35,36,21,22,0.00178159482291,-0.07209346047809
36,37,21,22,-0.00031529457360,-0.09703756520648
37,38,21,22,-0.00055686758650,-0.10006160744135
38,39,21,22,-0.00060914511272,-0.10533935102756
0,1,22,23,-0.00057648356309,-0.10423705825497
1,2,22,23,-0.00015221057840,-0.09926031107947
2,3,22,23,0.00009019239158,-0.09620291403064
3,4,22,23,0.00005020753556,-0.09641006751763
4,5,22,23,-0.00006933433160,-0.09781456254712
5,6,22,23,-0.00007263539839,-0.09780738784976
6,7,22,23,-0.00012641443709,-0.09856198534841
7,8,22,23,-0.00015768872463,-0.09889594122465
8,9,22,23,-0.00052967644380,-0.10394917962145
9,10,22,23,0.00002249956141,-0.09656651540257
10,11,22,23,-0.00001117624484,-0.09699375275857
11,12,22,23,0.00002404739859,-0.09713068800007
12,13,22,23,0.00005898419431,-0.09610900668491
13,14,22,23,0.00016453912349,-0.09481295041956
14,15,22,23,0.00067930395094,-0.08864636799783
15,16,22,23,0.00095617751081,-0.08575124870404
16,17,22,23,0.00054017440107,-0.09079336723938
17,18,22,23,0.00035860057782,-0.09293805901100
18,19,22,23,0.00093804110822,-0.08600639980466
19,20,22,23,0.00088494444172,-0.08113811302326
20,21,22,23,0.00136290170161,-0.07918580256325
21,22,22,23,0.00178159482291,-0.07209346047809
22,23,22,23,0.00210052297871,-0.06707731151512
23,24,22,23,0.00109001508915,-0.08314756062909
24,25,22,23,-0.00032569629145,-0.09949915761486
25,26,22,23,-0.00025510916474,-0.09930381696177
26,27,22,23,0.00013469066347,-0.09560796269466
27,28,22,23,-0.00055427681130,-0.10240677176821
28,29,22,23,-0.00057347230846,-0.10259990625092
29,30,22,23,-0.00014849812527,-0.09683932788241
30,31,22,23,-0.00006788354990,-0.09140877369136
31,32,22,23,0.00002102762749,-0.09024907981549
32,33,22,23,0.00087667393292,-0.08037981290155
33,34,22,23,0.00087705098287,-0.08041438357112
34,35,22,23,0.00173814129064,-0.07033508339326
35,36,22,23,0.00210052297871,-0.06707731151512
36,37,22,23,-0.00031775247946,-0.09707234889255
37,38,22,23,-0.00055948517898,-0.10009746951310
38,39,22,23,-0.00061190898241,-0.10537710408866
0,1,23,24,-0.00051839899595,-0.10337830310036
1,2,23,24,-0.00010016896319,-0.09844235376885
2,3,23,24,0.00013867195069,-0.09541002965582
3,4,23,24,0.00009912261381,-0.09561549638482
4,5,23,24,-0.00001871545228,-0.09700847769700
5,6,23,24,-0.00002199298493,-0.09700136381757
6,7,23,24,-0.00007494271894,-0.09774976995922
7,8,23,24,-0.00010578839457,-0.09808098960260
8,9,23,24,-0.00047212492376,-0.10309277301529
9,10,23,24,0.00007172303733,-0.09577066911091
10,11,23,24,0.00003854336275,-0.09619440270101
11,12,23,24,0.00007354678097,-0.09633019139406
12,13,23,24,0.00010767290160,-0.09531691219771
13,14,23,24,0.00021169478384,-0.09403148312850
14,15,23,24,0.00071906210071,-0.08791545805345
15,16,23,24,0.00099217255210,-0.08504405667676
16,17,23,24,0.00058217768736,-0.09004483439101
17,18,23,24,0.00040319761648,-0.09217194399211
18,19,23,24,0.00097431616703,-0.08529711427717
19,20,23,24,0.00091916619531,-0.08046897573318
20,21,23,24,0.00101574326934,-0.08460448042332
21,22,23,24,0.00105289038249,-0.08384561335240
22,23,23,24,0.00109001508915,-0.08314756062909
23,24,23,24,0.00126576835371,-0.07980802121440
24,25,23,24,-0.00027210271893,-0.09867932066055
25,26,23,24,-0.00020219727010,-0.09848555375434
26,27,23,24,0.00018249908763,-0.09481995873157
27,28,23,24,-0.00049731173523,-0.10156308921330
28,29,23,24,-0.00051625021776,-0.10175464183600
29,30,23,24,-0.00009772581775,-0.09604132075009
30,31,23,24,-0.00002055419152,-0.09065548020334
31,32,23,24,0.00006703087601,-0.08950529823449
32,33,23,24,0.00091057585704,-0.07971692923100
33,34,23,24,0.00091096748792,-0.07975121479998
34,35,23,24,0.00102721012926,-0.08180059839259
35,36,23,24,0.00109001508915,-0.08314756062909
36,37,23,24,-0.00026546606725,-0.09627250796151
37,38,23,24,-0.00050365874903,-0.09927282130341
38,39,23,24,-0.00055294915129,-0.10450897158632
0,1,24,25,-0.00104126328373,-0.09671009302484
1,2,24,25,-0.00040497739558,-0.08815319104206
2,3,24,25,-0.00040916640917,-0.09377061980691
3,4,24,25,-0.00059441635854,-0.09790355712565
4,5,24,25,-0.00070620859341,-0.09922848226188
5,6,24,25,-0.00071272559225,-0.09933563899812
6,7,24,25,-0.00075456996554,-0.09963812968770
7,8,24,25,-0.00077465804713,-0.09974539344573
8,9,24,25,-0.00104327559650,-0.10117344954196
9,10,24,25,-0.00066393959028,-0.09921998604708
10,11,24,25,-0.00068224510478,-0.09928422979995
11,12,24,25,-0.00066636323371,-0.09979967114970
12,13,24,25,-0.00064253269584,-0.09912465916567
13,14,24,25,-0.00057581823207,-0.09875964678223
14,15,24,25,-0.00037170081813,-0.09869301928028
15,16,24,25,-0.00025803401275,-0.09841624931353
16,17,24,25,-0.00004142955426,-0.09676073259511
17,18,24,25,-0.00018708118833,-0.09570383105177
18,19,24,25,-0.00028287843321,-0.09870875326216
19,20,24,25,-0.00026686644643,-0.09312146534166
20,21,24,25,-0.00030123434940,-0.09910445126680
21,22,24,25,-0.00032317693794,-0.09946350433664
22,23,24,25,-0.00032569629145,-0.09949915761486
23,24,24,25,-0.00027210271893,-0.09867932066055
24,25,24,25,0.00368783907701,-0.08253597008914
25,26,24,25,0.00145554034829,-0.09363055957716
26,27,24,25,0.00073510198808,-0.09527499757355
27,28,24,25,0.00122647441867,-0.09656121512668
28,29,24,25,0.00121167505716,-0.09674363515360
29,30,24,25,-0.00039509989813,-0.08600311321177
30,31,24,25,-0.00066609868434,-0.09283704579263
31,32,24,25,-0.00062050428998,-0.09272895892251
32,33,24,25,-0.00026437236749,-0.09225117127305
33,34,24,25,-0.00026448607178,-0.09229084771225
34,35,24,25,-0.00031529457360,-0.09703756520648
35,36,24,25,-0.00032569629145,-0.09949915761486
36,37,24,25,0.00359789178245,-0.08052289764794
37,38,24,25,0.00118212200699,-0.09438403429620
38,39,24,25,-0.00110456022169,-0.10016195665705
0,1,25,26,-0.00124890123840,-0.10392621059090
1,2,25,26,-0.00065345937556,-0.09654529322091
2,3,25,26,-0.00050043655620,-0.09794604099613
3,4,25,26,-0.00068598338841,-0.10121963175090
4,5,25,26,-0.00081644643174,-0.10272556603008
5,6,25,26,-0.00082331537520,-0.10280536766456
6,7,25,26,-0.00087357268935,-0.10330696757231
7,8,25,26,-0.00089983581689,-0.10351222825481
8,9,25,26,-0.00123634723863,-0.10654600027518
9,10,25,26,-0.00075754316696,-0.10229237907932
10,11,25,26,-0.00078166012616,-0.10248588151482
11,12,25,26,-0.00076046860861,-0.10289001547223
12,13,25,26,-0.00073020589494,-0.10206683314170
13,14,25,26,-0.00064738085848,-0.10136227030667
14,15,25,26,-0.00035229510490,-0.09934624283436
15,16,25,26,-0.00018834115317,-0.09822298959452
16,17,25,26,0.00006102163011,-0.09576916490015
17,18,25,26,-0.00016179386972,-0.09668393891879
18,19,25,26,-0.00021293111345,-0.09851493608022
19,20,25,26,-0.00020087840891,-0.09293861894360
20,21,25,26,-0.00023097277842,-0.09890986922847
21,22,25,26,-0.00025261982704,-0.09926823199043
22,23,25,26,-0.00025510916474,-0.09930381696177
23,24,25,26,-0.00020219727010,-0.09848555375434
24,25,25,26,0.00145554034829,-0.09363055957716
25,26,25,26,0.00198015042825,-0.08211081520491
26,27,25,26,0.00101534877452,-0.08857906460257
27,28,25,26,0.00180126099685,-0.08468296388753
28,29,25,26,0.00178965139877,-0.08484307255196
29,30,25,26,-0.00063752134201,-0.09419052997162
30,31,25,26,-0.00076945362169,-0.09607978286407
31,32,25,26,-0.00070798426819,-0.09560035427974
32,33,25,26,-0.00019900104060,-0.09207003371983
33,34,25,26,-0.00019908662925,-0.09210963225332
34,35,25,26,-0.00024645836784,-0.09684705560042
35,36,25,26,-0.00025510916474,-0.09930381696177
36,37,25,26,0.00142003936418,-0.09134688739235
37,38,25,26,0.00174600136465,-0.08277372931899
38,39,25,26,-0.00131053159312,-0.10653384781918
0,1,26,27,-0.00092053396643,-0.10343814128642
1,2,26,27,-0.00038919662663,-0.09685835509360
2,3,26,27,-0.00017257667436,-0.09628907886126
3,4,26,27,-0.00034150520343,-0.09905344174764
4,5,26,27,-0.00047012094140,-0.10058750286959
5,6,26,27,-0.00047666743743,-0.10065198514630
6,7,26,27,-0.00052682064466,-0.10122613489269
7,8,26,27,-0.00055404870654,-0.10146862369683
8,9,26,27,-0.00089579337526,-0.10512397620979
9,10,26,27,-0.00040804514140,-0.09997661060723
10,11,26,27,-0.00043302688028,-0.10022198231931
11,12,26,27,-0.00040896266863,-0.10056071240280
12,13,26,27,-0.00038002017465,-0.09969991112561
13,14,26,27,-0.00029593593296,-0.09886615258397
14,15,26,27,0.00001936612733,-0.09603532038206
15,16,26,27,0.00019483383705,-0.09456711611019
16,17,26,27,0.00044004315629,-0.09183832781300
17,18,26,27,0.00019683676671,-0.09361777201938
18,19,26,27,0.00017227736344,-0.09484828833467
19,20,26,27,0.00016252581456,-0.08947951729685
20,21,26,27,0.00015641981547,-0.09522858820943
21,22,26,27,0.00013695105001,-0.09557369292888
22,23,26,27,0.00013469066347,-0.09560796269466
23,24,26,27,0.00018249908763,-0.09481995873157
24,25,26,27,0.00073510198808,-0.09527499757355
25,26,26,27,0.00101534877452,-0.08857906460257
26,27,26,27,0.00140547875841,-0.08231066090159
27,28,26,27,0.00078733761528,-0.09135054680656
28,29,26,27,0.00077263313105,-0.09152305692469
29,30,26,27,-0.00037970402598,-0.09449595618888
30,31,26,27,-0.00044548358639,-0.09406727583767
31,32,26,27,-0.00038135059944,-0.09343608467965
32,33,26,27,0.00016100688172,-0.08864326012586
33,34,26,27,0.00016107612940,-0.08868138483335
34,35,26,27,0.00013361078050,-0.09324262724769
35,36,26,27,0.00013469066347,-0.09560796269466
36,37,26,27,0.00071717267130,-0.09295121714492
37,38,26,27,0.00075378842054,-0.08929078724360
38,39,26,27,-0.00097146743298,-0.10556718522770
0,1,27,28,-0.00159268398804,-0.10717072239126
1,2,27,28,-0.00095698832766,-0.09956086331595
2,3,27,28,-0.00080329033196,-0.10100583964561
3,4,27,28,-0.00100423569844,-0.10438120113965
4,5,27,28,-0.00114319225228,-0.10593382025535
5,6,27,28,-0.00115050988888,-0.10601609591724
6,7,27,28,-0.00120380884651,-0.10653322576614
7,8,27,28,-0.00123149471580,-0.10674482478000
8,9,27,28,-0.00158741977811,-0.10987242941452
9,10,27,28,-0.00108117772938,-0.10548726693730
10,11,27,28,-0.00110661587328,-0.10568674649798
11,12,27,28,-0.00108594708824,-0.10610357364901
12,13,27,28,-0.00105232466000,-0.10525475181019
13,14,27,28,-0.00096484492844,-0.10452841100543
14,15,27,28,-0.00065462466875,-0.10245023866131
15,16,27,28,-0.00048225261864,-0.10129235934202
16,17,27,28,-0.00021790060518,-0.09876257251474
17,18,27,28,-0.00045036256297,-0.09970528407127
18,19,27,28,-0.00050846722024,-0.10159335839709
19,20,27,28,-0.00047968605683,-0.09584279094065
20,21,27,28,-0.00052823085580,-0.10200058212546
21,22,27,28,-0.00055160532245,-0.10237008190180
22,23,27,28,-0.00055427681130,-0.10240677176821
23,24,27,28,-0.00049731173523,-0.10156308921330
24,25,27,28,0.00122647441868,-0.09656121512668
25,26,27,28,0.00180126099685,-0.08468296388753
26,27,27,28,0.00078733761528,-0.09135054680656
27,28,27,28,0.00444061146370,-0.05708626530220
28,29,27,28,0.00390561114634,-0.06294821198073
29,30,27,28,-0.00093364714894,-0.09713254957653
30,31,27,28,-0.00107524288680,-0.09908046347405
31,32,27,28,-0.00101044647606,-0.09858623078252
32,33,27,28,-0.00047520300957,-0.09494706392251
33,34,27,28,-0.00047540739032,-0.09498789984207
34,35,27,28,-0.00053815153409,-0.09987325063591
35,36,27,28,-0.00055427681130,-0.10240677176821
36,37,27,28,0.00119656040846,-0.09420606353823
37,38,27,28,0.00381035233789,-0.06141288973730
38,39,27,28,-0.00166388710092,-0.10985967960309
0,1,28,29,-0.00161468318803,-0.10737266199896
1,2,28,29,-0.00097643932423,-0.09974855644281
2,3,28,29,-0.00082270740789,-0.10119628655778
3,4,28,29,-0.00102463015860,-0.10457798145322
4,5,28,29,-0.00116412408322,-0.10613350559948
5,6,28,29,-0.00117147010934,-0.10621593521151
6,7,28,29,-0.00122496128878,-0.10673403139348
7,8,28,29,-0.00125273690076,-0.10694602476959
8,9,28,29,-0.00160988787045,-0.11007946784259
9,10,28,29,-0.00110191340132,-0.10568612066484
10,11,28,29,-0.00112743489870,-0.10588597211777
11,12,28,29,-0.00110680098802,-0.10630358944871
12,13,28,29,-0.00107296467988,-0.10545317191546
13,14,28,29,-0.00098519115173,-0.10472547607254
14,15,28,29,-0.00067401721729,-0.10264343737757
15,16,28,29,-0.00050111470427,-0.10148340378982
16,17,28,29,-0.00023581552552,-0.09894889032498
17,18,28,29,-0.00046888319635,-0.09989333949724
18,19,28,29,-0.00052743211683,-0.10178496615802
19,20,28,29,-0.00049757746871,-0.09602355297926
20,21,28,29,-0.00054730521721,-0.10219295477961
21,22,28,29,-0.00057078927616,-0.10256314762739
22,23,28,29,-0.00057347230846,-0.10259990625092
23,24,28,29,-0.00051625021776,-0.10175464183600
24,25,28,29,0.00121167505716,-0.09674363515360
25,26,28,29,0.00178965139877,-0.08484307255196
26,27,28,29,0.00077263313105,-0.09152305692469
27,28,28,29,0.00390561114634,-0.06294821198073
28,29,28,29,0.00460862762210,-0.05548139851209
29,30,28,29,-0.00095262373095,-0.09731566482225
30,31,28,29,-0.00109483187789,-0.09926722916964
31,32,28,29,-0.00102982560871,-0.09877207538770
32,33,28,29,-0.00049292721199,-0.09512613659628
33,34,28,29,-0.00049313921577,-0.09516704953346
34,35,28,29,-0.00055686758650,-0.10006160744135
35,36,28,29,-0.00057347230846,-0.10259990625092
36,37,28,29,0.00118212200699,-0.09438403429620
37,38,28,29,0.00449622207034,-0.05412819367034
38,39,28,29,-0.00168649722082,-0.11006668042101
0,1,29,30,0.00058934428748,-0.09211854869005
1,2,29,30,0.00141670568685,-0.08347318877511
2,3,29,30,0.00060615223427,-0.09008132256853
3,4,29,30,0.00027728771074,-0.09434138187662
4,5,29,30,0.00020998893904,-0.09558369726026
5,6,29,30,0.00019895746361,-0.09569562768473
6,7,29,30,0.00019788341277,-0.09593619747764
7,8,29,30,0.00019831964753,-0.09601448823234
8,9,29,30,0.00025436246640,-0.09697050108706
9,10,29,30,0.00016836948126,-0.09569033255441
10,11,29,30,0.00017609081137,-0.09571801053786
11,12,29,30,0.00017075668646,-0.09624938406776
12,13,29,30,0.00016338570246,-0.09563265361275
13,14,29,30,0.00016054790448,-0.09536882801212
14,15,29,30,-0.00002479523854,-0.09582871302908
15,16,29,30,-0.00008447875629,-0.09578525950914
16,17,29,30,-0.00003339066837,-0.09439009896964
17,18,29,30,0.00020656138792,-0.09282833190880
18,19,29,30,-0.00010816357338,-0.09606998463823
19,20,29,30,-0.00010204110697,-0.09063206097946
20,21,29,30,-0.00012535862740,-0.09645513366138
21,22,29,30,-0.00014610650807,-0.09680462362557
22,23,29,30,-0.00014849812527,-0.09683932788241
23,24,29,30,-0.00009772581775,-0.09604132075010
24,25,29,30,-0.00039509989813,-0.08600311321177
25,26,29,30,-0.00063752134201,-0.09419052997162
26,27,29,30,-0.00037970402598,-0.09449595618888
27,28,29,30,-0.00093364714894,-0.09713254957653
28,29,29,30,-0.00095262373095,-0.09731566482225
29,30,29,30,0.00138215188961,-0.06333725734157
30,31,29,30,0.00018594155478,-0.08943516606050
31,32,29,30,0.00015735465538,-0.08943021734057
32,33,29,30,-0.00010108745176,-0.08978503237218
33,34,29,30,-0.00010113092861,-0.08982364814615
34,35,29,30,-0.00014254293470,-0.09444353524446
35,36,29,30,-0.00014849812527,-0.09683932788241
36,37,29,30,-0.00038546331525,-0.08390547630416
37,38,29,30,-0.00092938900581,-0.09494211202171
38,39,29,30,0.00037982326780,-0.09571119018275
0,1,30,31,0.00024316062988,-0.09165993874296
1,2,30,31,0.00019059009365,-0.09167104521201
2,3,30,31,0.00030719640159,-0.08893606256144
3,4,30,31,0.00074812333420,-0.08201332184679
4,5,30,31,0.00109885728782,-0.07706569768317
5,6,30,31,0.00120294974546,-0.07579945353877
6,7,30,31,0.00109973379588,-0.07732325780220
7,8,30,31,0.00103403065791,-0.07805110828261
8,9,30,31,0.00050978101544,-0.08612968819742
9,10,30,31,0.00095661302300,-0.07904818998334
10,11,30,31,0.00103651012551,-0.07801964103282
11,12,30,31,0.00096336130454,-0.07951000113637
12,13,30,31,0.00087872109623,-0.08005193180290
13,14,30,31,0.00068204363929,-0.08254562362500
14,15,30,31,0.00020772867106,-0.08819098244119
15,16,30,31,-0.00000824115384,-0.09041376876499
16,17,30,31,-0.00007562247705,-0.09123923887587
17,18,30,31,0.00006520603358,-0.09044023871091
18,19,30,31,-0.00003038521041,-0.09068254443702
19,20,30,31,-0.00002866529284,-0.08554957022361
20,21,30,31,-0.00004632848148,-0.09104610747436
21,22,30,31,-0.00006565195793,-0.09137601383373
22,23,30,31,-0.00006788354990,-0.09140877369136
23,24,30,31,-0.00002055419152,-0.09065548020334
24,25,30,31,-0.00066609868434,-0.09283704579263
25,26,30,31,-0.00076945362169,-0.09607978286407
26,27,30,31,-0.00044548358639,-0.09406727583767
27,28,30,31,-0.00107524288680,-0.09908046347405
28,29,30,31,-0.00109483187789,-0.09926722916964
29,30,30,31,0.00018594155478,-0.08943516606050
30,31,30,31,0.00112425209856,-0.04584061078389
31,32,30,31,0.00089403086262,-0.07387681306854
32,33,30,31,-0.00002839739290,-0.08475004152993
33,34,30,31,-0.00002840960638,-0.08478649179743
34,35,30,31,-0.00006405069067,-0.08914733056949
35,36,30,31,-0.00006788354990,-0.09140877369136
36,37,30,31,-0.00064985237497,-0.09057272760257
37,38,30,31,-0.00106812866135,-0.09684607723867
38,39,30,31,0.00033670341640,-0.08999175209173
0,1,31,32,0.00011929654240,-0.09264599685911
1,2,31,32,0.00016128852177,-0.09166597277408
2,3,31,32,0.00030776355460,-0.08874091075022
3,4,31,32,0.00073561388940,-0.08215770751250
4,5,31,32,0.00089576222241,-0.07981191026223
5,6,31,32,0.00095661302300,-0.07904818998334
6,7,31,32,0.00087217063563,-0.08030888862545
7,8,31,32,0.00081892928171,-0.08090390087507
8,9,31,32,0.00033650590012,-0.08824836565061
9,10,31,32,0.00145780459895,-0.07347780370513
10,11,31,32,0.00127378554660,-0.07542015807314
11,12,31,32,0.00127936191764,-0.07592846537137
12,13,31,32,0.00126967751034,-0.07553106532920
13,14,31,32,0.00085228443492,-0.08027302450784
14,15,31,32,0.00032350365372,-0.08670103602343
15,16,31,32,0.00007895486103,-0.08926664167706
16,17,31,32,-0.00001245880929,-0.09043275972877
17,18,31,32,0.00010418817923,-0.08986640960806
18,19,31,32,0.00005735065904,-0.08953202855739
19,20,31,32,0.00005410439532,-0.08446417788433
20,21,31,32,0.00004195987371,-0.08989099420456
21,22,31,32,0.00002319934980,-0.09021673345270
22,23,31,32,0.00002102762749,-0.09024907981549
23,24,31,32,0.00006703087601,-0.08950529823449
24,25,31,32,-0.00062050428998,-0.09272895892251
25,26,31,32,-0.00070798426819,-0.09560035427974
26,27,31,32,-0.00038135059944,-0.09343608467965
27,28,31,32,-0.00101044647606,-0.09858623078252
28,29,31,32,-0.00102982560871,-0.09877207538770
29,30,31,32,0.00015735465538,-0.08943021734057
30,31,31,32,0.00089403086262,-0.07387681306854
31,32,31,32,0.00136243420462,-0.04867084458423
32,33,31,32,0.00005359874677,-0.08367479304429
33,34,31,32,0.00005362179913,-0.08371078085662
34,35,31,32,0.00002263351200,-0.08801632531971
35,36,31,32,0.00002102762749,-0.09024907981549
36,37,31,32,-0.00060537003900,-0.09046727699757
37,38,31,32,-0.00100470791094,-0.09636300037824
38,39,31,32,0.00018552525115,-0.09156319817620
0,1,32,33,-0.00049510046968,-0.09664402986568
1,2,32,33,-0.00010361463805,-0.09202965818148
2,3,32,33,0.00011997494556,-0.08919488848881
3,4,32,33,0.00008298110204,-0.08938696679513
4,5,32,33,-0.00002732190178,-0.09068919523944
5,6,32,33,-0.00003038521041,-0.09068254443702
6,7,32,33,-0.00007996152087,-0.09138219289524
7,8,32,33,-0.00010883140994,-0.09169183326038
8,9,32,33,-0.00045181184110,-0.09637710433384
9,10,32,33,0.00005735065904,-0.08953202855739
10,11,32,33,0.00002628944090,-0.08992815613292
11,12,32,33,0.00005899892944,-0.09005510288823
12,13,32,33,0.00009100465342,-0.08910783370452
13,14,32,33,0.00018838058720,-0.08790614998625
14,15,32,33,0.00066331668913,-0.08218858352514
15,16,32,33,0.00091892714096,-0.07950425728673
16,17,32,33,0.00053513345970,-0.08417923516779
17,18,32,33,0.00036759697783,-0.08616776346898
18,19,32,33,0.00240643919628,-0.06146271896634
19,20,32,33,0.00227022565687,-0.05798369713805
20,21,32,33,0.00089191304885,-0.08006068627134
21,22,32,33,0.00087830067131,-0.08035098308655
22,23,32,33,0.00087667393292,-0.08037981290155
23,24,32,33,0.00091057585704,-0.07971692923100
24,25,32,33,-0.00026437236749,-0.09225117127305
25,26,32,33,-0.00019900104060,-0.09207003371983
26,27,32,33,0.00016100688172,-0.08864326012586
27,28,32,33,-0.00047520300957,-0.09494706392251
28,29,32,33,-0.00049292721199,-0.09512613659628
29,30,32,33,-0.00010108745176,-0.08978503237218
30,31,32,33,-0.00002839739290,-0.08475004152993
31,32,32,33,0.00005359874677,-0.08367479304429
32,33,32,33,0.00294900859466,-0.04324179342648
33,34,32,33,0.00224997587401,-0.05746649865020
34,35,32,33,0.00085687870372,-0.07839120301127
35,36,32,33,0.00087667393292,-0.08037981290155
36,37,32,33,-0.00025792426097,-0.09000114270541
37,38,32,33,-0.00048090459707,-0.09280598692320
38,39,32,33,-0.00052751449598,-0.09770104137824
0,1,33,34,-0.00049531340815,-0.09668559563577
1,2,33,34,-0.00010365920182,-0.09206923934980
2,3,33,34,0.00012002654576,-0.08923325044695
3,4,33,34,0.00008301679150,-0.08942541136451
4,5,33,34,-0.00002733365270,-0.09072819988612
5,6,33,34,-0.00003039827883,-0.09072154622325
6,7,33,34,-0.00007999591164,-0.09142149559428
7,8,33,34,-0.00010887821740,-0.09173126913309
8,9,33,34,-0.00045200616150,-0.09641855530154
9,10,33,34,0.00005737532507,-0.08957053551658
10,11,33,34,0.00002630074777,-0.08996683346319
11,12,33,34,0.00005902430438,-0.09009383481722
12,13,33,34,0.00009104379374,-0.08914615822114
13,14,33,34,0.00018846160808,-0.08794395766899
14,15,33,34,0.00066360197596,-0.08222393213147
15,16,33,34,0.00091932236365,-0.07953845138732
16,17,33,34,0.00053536361602,-0.08421543993637
17,18,33,34,0.00036775507815,-0.08620482348655
18,19,33,34,0.00240747418519,-0.06148915355572
19,20,33,34,0.00296495825575,-0.04433172760039
20,21,33,34,0.00089229665302,-0.08009511968728
21,22,33,34,0.00087867842091,-0.08038554135667
22,23,33,34,0.00087705098287,-0.08041438357112
23,24,33,34,0.00091096748792,-0.07975121479998
24,25,33,34,-0.00026448607178,-0.09229084771225
25,26,33,34,-0.00019908662925,-0.09210963225332
26,27,33,34,0.00016107612940,-0.08868138483335
27,28,33,34,-0.00047540739032,-0.09498789984207
28,29,33,34,-0.00049313921577,-0.09516704953346
29,30,33,34,-0.00010113092861,-0.08982364814615
30,31,33,34,-0.00002840960638,-0.08478649179743
31,32,33,34,0.00005362179913,-0.08371078085662
32,33,33,34,0.00224997587401,-0.05746649865020
33,34,33,34,0.00383851165089,-0.02593630089235
34,35,33,34,0.00085724723991,-0.07842491839675
35,36,33,34,0.00087705098287,-0.08041438357112
36,37,33,34,-0.00025803519198,-0.09003985142659
37,38,33,34,-0.00048111143002,-0.09284590198386
38,39,33,34,-0.00052774137545,-0.09774306175993
0,1,34,35,-0.00055976577460,-0.10165825652513
1,2,34,35,-0.00014610650807,-0.09680462362557
2,3,34,35,0.00009022740777,-0.09382286059020
3,4,34,35,0.00005123665360,-0.09402489006080
4,5,34,35,-0.00006531467129,-0.09539464082759
5,6,34,35,-0.00006853423901,-0.09538764370935
6,7,34,35,-0.00012096501224,-0.09612357380167
7,8,34,35,-0.00015145770936,-0.09644926837677
8,9,34,35,-0.00051412344108,-0.10137749888004
9,10,34,35,0.00002421785785,-0.09417746809209
10,11,34,35,-0.00000861474709,-0.09459413642822
11,12,34,35,0.00002574069256,-0.09472768307453
12,13,34,35,0.00005978908617,-0.09373127723884
13,14,34,35,0.00016270206328,-0.09246728280057
14,15,34,35,0.00066458638226,-0.08645324893838
15,16,34,35,0.00093454191172,-0.08362974810913
16,17,34,35,0.00052894946420,-0.08854713489222
17,18,34,35,0.00035191828586,-0.09063877146265
18,19,34,35,0.00091686021298,-0.08387858722206
19,20,34,35,0.00086496246507,-0.07913074266232
20,21,34,35,0.00143120322620,-0.07560188761158
21,22,34,35,0.00193897692240,-0.06700577373201
22,23,34,35,0.00173814129064,-0.07033508339326
23,24,34,35,0.00102721012926,-0.08180059839259
24,25,34,35,-0.00031529457360,-0.09703756520648
25,26,34,35,-0.00024645836784,-0.09684705560042
26,27,34,35,0.00013361078050,-0.09324262724769
27,28,34,35,-0.00053815153409,-0.09987325063591
28,29,34,35,-0.00055686758650,-0.10006160744135
29,30,34,35,-0.00014254293470,-0.09444353524446
30,31,34,35,-0.00006405069066,-0.08914733056949
31,32,34,35,0.00002263351200,-0.08801632531971
32,33,34,35,0.00085687870372,-0.07839120301127
33,34,34,35,0.00085724723991,-0.07842491839675
34,35,34,35,0.00189168480234,-0.05107148656782
35,36,34,35,0.00173814129064,-0.07033508339326
36,37,34,35,-0.00030760446205,-0.09467079532340
37,38,34,35,-0.00054328545024,-0.09762108043059
38,39,34,35,-0.00059428791485,-0.10277009856347
0,1,35,36,-0.00057648356309,-0.10423705825497
1,2,35,36,-0.00015221057840,-0.09926031107947
2,3,35,36,0.00009019239158,-0.09620291403064
3,4,35,36,0.00005020753556,-0.09641006751763
4,5,35,36,-0.00006933433160,-0.09781456254712
5,6,35,36,-0.00007263539839,-0.09780738784976
6,7,35,36,-0.00012641443709,-0.09856198534841
7,8,35,36,-0.00015768872463,-0.09889594122465
8,9,35,36,-0.00052967644380,-0.10394917962145
9,10,35,36,0.00002249956141,-0.09656651540257
10,11,35,36,-0.00001117624484,-0.09699375275857
11,12,35,36,0.00002404739859,-0.09713068800007
12,13,35,36,0.00005898419431,-0.09610900668491
13,14,35,36,0.00016453912349,-0.09481295041956
14,15,35,36,0.00067930395094,-0.08864636799783
15,16,35,36,0.00095617751081,-0.08575124870404
16,17,35,36,0.00054017440107,-0.09079336723938
17,18,35,36,0.00035860057782,-0.09293805901100
18,19,35,36,0.00093804110822,-0.08600639980466
19,20,35,36,0.00088494444172,-0.08113811302326
20,21,35,36,0.00136290170161,-0.07918580256325
21,22,35,36,0.00178159482291,-0.07209346047809
22,23,35,36,0.00210052297871,-0.06707731151512
23,24,35,36,0.00109001508915,-0.08314756062909
24,25,35,36,-0.00032569629145,-0.09949915761486
25,26,35,36,-0.00025510916474,-0.09930381696177
26,27,35,36,0.00013469066347,-0.09560796269466
27,28,35,36,-0.00055427681130,-0.10240677176821
28,29,35,36,-0.00057347230846,-0.10259990625092
29,30,35,36,-0.00014849812527,-0.09683932788241
30,31,35,36,-0.00006788354990,-0.09140877369136
31,32,35,36,0.00002102762749,-0.09024907981549
32,33,35,36,0.00087667393292,-0.08037981290155
33,34,35,36,0.00087705098287,-0.08041438357112
34,35,35,36,0.00173814129064,-0.07033508339326
35,36,35,36,0.00260052297871,-0.03987731151512
36,37,35,36,-0.00031775247946,-0.09707234889255
37,38,35,36,-0.00055948517898,-0.10009746951310
38,39,35,36,-0.00061190898241,-0.10537710408866
0,1,36,37,-0.00101586661827,-0.09435131026814
1,2,36,37,-0.00039509989813,-0.08600311321177
2,3,36,37,-0.00039918674065,-0.09148353151893
3,4,36,37,-0.00057991839858,-0.09551566548843
4,5,36,37,-0.00068898399357,-0.09680827537744
5,6,36,37,-0.00069534204122,-0.09691281853475
6,7,36,37,-0.00073616582004,-0.09720793140264
7,8,36,37,-0.00075576394842,-0.09731257897145
8,9,36,37,-0.00101782985025,-0.09870580443118
9,10,36,37,-0.00064774594174,-0.09679998638740
10,11,36,37,-0.00066560498027,-0.09686266321946
11,12,36,37,-0.00065011047191,-0.09736553282898
12,13,36,37,-0.00062686116668,-0.09670698455187
13,14,36,37,-0.00056177388494,-0.09635087490949
14,15,36,37,-0.00036263494452,-0.09628587246857
15,16,36,37,-0.00025174050024,-0.09601585298881
16,17,36,37,-0.00004041907733,-0.09440071472694
17,18,36,37,-0.00018251823251,-0.09336959127002
18,19,36,37,-0.00027597895923,-0.09630122269479
19,20,36,37,-0.00026035750871,-0.09085021008943
20,21,36,37,-0.00029388717015,-0.09668726952858
21,22,36,37,-0.00031529457360,-0.09703756520648
22,23,36,37,-0.00031775247946,-0.09707234889255
23,24,36,37,-0.00026546606725,-0.09627250796151
24,25,36,37,0.00359789178245,-0.08052289764794
25,26,36,37,0.00142003936418,-0.09134688739235
26,27,36,37,0.00071717267130,-0.09295121714492
27,28,36,37,0.00119656040846,-0.09420606353823
28,29,36,37,0.00118212200699,-0.09438403429620
29,30,36,37,-0.00038546331525,-0.08390547630416
30,31,36,37,-0.00064985237497,-0.09057272760257
31,32,36,37,-0.00060537003901,-0.09046727699757
32,33,36,37,-0.00025792426097,-0.09000114270542
33,34,36,37,-0.00025803519198,-0.09003985142659
34,35,36,37,-0.00030760446205,-0.09467079532340
35,36,36,37,-0.00031775247946,-0.09707234889255
36,37,36,37,0.00411013832434,-0.05535892453458
37,38,36,37,0.00115328976291,-0.09208198467922
38,39,36,37,-0.00107761972848,-0.09771898210444
0,1,37,38,-0.00157530067125,-0.10475381658435
1,2,37,38,-0.00095262373095,-0.09731566482225
2,3,37,38,-0.00080264137355,-0.09872808444661
3,4,37,38,-0.00099963917912,-0.10202729897875
4,5,37,38,-0.00113573081289,-0.10354488351169
5,6,37,38,-0.00114289766765,-0.10362530264538
6,7,37,38,-0.00119508418418,-0.10413076233510
7,8,37,38,-0.00122218234220,-0.10433758514107
8,9,37,38,-0.00157062231263,-0.10739460277326
9,10,37,38,-0.00107503746470,-0.10310841040472
10,11,37,38,-0.00109993648653,-0.10330338743197
11,12,37,38,-0.00107980584197,-0.10371081897435
12,13,37,38,-0.00104679480964,-0.10288114333215
13,14,37,38,-0.00096116209925,-0.10217119616833
14,15,37,38,-0.00065757777297,-0.10013993890495
15,16,37,38,-0.00048889239441,-0.09900819881933
16,17,37,38,-0.00023006392734,-0.09653550275607
17,18,37,38,-0.00045744702082,-0.09745691658268
18,19,37,38,-0.00051456791886,-0.09930240600782
19,20,37,38,-0.00048544143289,-0.09368151510172
20,21,37,38,-0.00053395630948,-0.09970044368742
21,22,37,38,-0.00055686758650,-0.10006160744135
22,23,37,38,-0.00055948517898,-0.10009746951310
23,24,37,38,-0.00050365874903,-0.09927282130341
24,25,37,38,0.00118212200699,-0.09438403429620
25,26,37,38,0.00174600136465,-0.08277372931899
26,27,37,38,0.00075378842054,-0.08929078724360
27,28,37,38,0.00381035233789,-0.06141288973730
28,29,37,38,0.00449622207034,-0.05412819367034
29,30,37,38,-0.00092938900581,-0.09494211202171
30,31,37,38,-0.00106812866135,-0.09684607723867
31,32,37,38,-0.00100470791094,-0.09636300037824
32,33,37,38,-0.00048090459707,-0.09280598692320
33,34,37,38,-0.00048111143002,-0.09284590198386
34,35,37,38,-0.00054328545024,-0.09762108043059
35,36,37,38,-0.00055948517898,-0.10009746951310
36,37,37,38,0.00115328976291,-0.09208198467922
37,38,37,38,0.00518655811741,-0.03720799382472
38,39,37,38,-0.00164536314227,-0.10738212724001
0,1,38,39,0.00181877270230,-0.08073460569348
1,2,38,39,0.00038931884949,-0.09810396993732
2,3,38,39,0.00003148934612,-0.10019486040632
3,4,38,39,0.00015016773071,-0.09857931382016
4,5,38,39,0.00035717245851,-0.09628932746116
5,6,38,39,0.00036027265555,-0.09629117473815
6,7,38,39,0.00047723576641,-0.09485988423016
7,8,38,39,0.00055470549685,-0.09410280442957
8,9,38,39,0.00166733499539,-0.08000313977107
9,10,38,39,0.00019851201873,-0.09797262204853
10,11,38,39,0.00024954261724,-0.09745575984704
11,12,38,39,0.00020110880185,-0.09854500699580
12,13,38,39,0.00015027607432,-0.09845876698357
13,14,38,39,0.00003449679012,-0.09959479828772
14,15,38,39,-0.00036927276833,-0.10301108967296
15,16,38,39,-0.00053734335323,-0.10423039464794
16,17,38,39,-0.00055261855994,-0.10391165097179
17,18,38,39,-0.00033537754988,-0.10258417467089
18,19,38,39,-0.00056444051070,-0.10454011427472
19,20,38,39,-0.00053249104783,-0.09862274931577
20,21,38,39,-0.00058494267941,-0.10495914249719
21,22,38,39,-0.00060914511272,-0.10533935102756
22,23,38,39,-0.00061190898241,-0.10537710408866
23,24,38,39,-0.00055294915129,-0.10450897158632
24,25,38,39,-0.00110456022169,-0.10016195665705
25,26,38,39,-0.00131053159312,-0.10653384781919
26,27,38,39,-0.00097146743298,-0.10556718522770
27,28,38,39,-0.00166388710092,-0.10985967960309
28,29,38,39,-0.00168649722082,-0.11006668042101
29,30,38,39,0.00037982326780,-0.09571119018275
30,31,38,39,0.00033670341640,-0.08999175209173
31,32,38,39,0.00018552525115,-0.09156319817620
32,33,38,39,-0.00052751449598,-0.09770104137824
33,34,38,39,-0.00052774137545,-0.09774306175993
34,35,38,39,-0.00059428791485,-0.10277009856347
35,36,38,39,-0.00061190898241,-0.10537710408866
36,37,38,39,-0.00107761972848,-0.09771898210444
37,38,38,39,-0.00164536314227,-0.10738212724001
38,39,38,39,0.00223682027066,-0.06870733381300
